{"stats":{"minecraft:used":{"minecraft:cooked_mutton":3,"minecraft:stone_sword":63,"minecraft:stone_pickaxe":107,"minecraft:oak_planks":2,"minecraft:wooden_pickaxe":14,"minecraft:torch":5,"minecraft:dirt":14,"minecraft:crafting_table":8,"minecraft:jungle_planks":1,"minecraft:white_bed":2,"minecraft:melon_slice":13,"minecraft:iron_pickaxe":28,"minecraft:gravel":2,"minecraft:stone_axe":71,"minecraft:cobblestone":14,"minecraft:oak_sapling":1,"minecraft:furnace":6,"minecraft:cooked_porkchop":1,"minecraft:cooked_beef":12},"minecraft:crafted":{"minecraft:cooked_beef":9,"minecraft:oak_planks":24,"minecraft:crafting_table":2,"minecraft:wooden_pickaxe":2,"minecraft:furnace":4,"minecraft:stone_axe":2,"minecraft:cooked_mutton":9,"minecraft:air":0,"minecraft:jungle_planks":8,"minecraft:stick":32,"minecraft:iron_pickaxe":1,"minecraft:iron_ingot":2,"minecraft:stone_pickaxe":2,"minecraft:stone_sword":1,"minecraft:white_bed":2,"minecraft:torch":8},"minecraft:picked_up":{"minecraft:crafting_table":8,"minecraft:cooked_beef":5,"minecraft:jungle_log":2,"minecraft:leather":4,"minecraft:wooden_pickaxe":1,"arphex:ectoplasm":2,"minecraft:flint":1,"minecraft:oak_log":6,"minecraft:lapis_lazuli":27,"minecraft:string":26,"minecraft:dirt":14,"minecraft:bone":4,"minecraft:wheat_seeds":1,"minecraft:iron_ingot":2,"minecraft:beef":13,"minecraft:melon_slice":26,"minecraft:oak_planks":1,"minecraft:furnace":7,"minecraft:raw_iron":17,"minecraft:stick":1,"minecraft:cooked_porkchop":1,"minecraft:torch":3,"arphex:maggot_grub":1,"minecraft:gravel":2,"minecraft:jungle_planks":13,"minecraft:white_bed":2,"minecraft:spider_eye":2,"minecraft:stone_sword":1,"arphex:fly_appendage":2,"minecraft:arrow":4,"minecraft:diamond":2,"minecraft:oak_sapling":1,"arphex:mangled_spider_flesh":1,"minecraft:black_wool":1,"minecraft:mutton":17,"minecraft:coal":114,"minecraft:white_wool":9,"minecraft:cobblestone":84},"minecraft:mined":{"minecraft:white_bed":2,"minecraft:deepslate_diamond_ore":2,"minecraft:jungle_leaves":1,"minecraft:crafting_table":8,"minecraft:grass_block":4,"minecraft:melon":5,"minecraft:jungle_log":2,"minecraft:tall_grass":1,"minecraft:cobblestone":6,"minecraft:oak_planks":1,"minecraft:wall_torch":5,"minecraft:spawner":2,"minecraft:furnace":7,"minecraft:iron_ore":12,"minecraft:deepslate_lapis_ore":4,"minecraft:grass":24,"minecraft:deepslate_iron_ore":5,"minecraft:coal_ore":20,"minecraft:oak_log":6,"minecraft:gravel":3,"minecraft:dirt":10,"minecraft:cobweb":23,"minecraft:stone":84,"minecraft:oak_leaves":12,"minecraft:fern":5},"minecraft:killed":{"minecraft:cave_spider":3,"arphex:long_legs_tiny":3,"arphex:silverfish_spectre":1,"minecraft:sheep":10,"minecraft:skeleton":5,"minecraft:zombie":3,"arphex:fly_festerer":1,"arphex:spider_goliath":1,"arphex:butterfly_bewitcher":2,"minecraft:cow":6},"minecraft:dropped":{"minecraft:wheat_seeds":1,"minecraft:cooked_beef":1,"minecraft:stone_sword":1,"arphex:mangled_spider_flesh":1,"minecraft:cooked_mutton":3,"minecraft:white_bed":1,"minecraft:coal":4,"minecraft:torch":4,"minecraft:stone_pickaxe":1,"minecraft:wooden_pickaxe":2,"minecraft:black_wool":1},"minecraft:killed_by":{"arphex:spider_goliath":2,"minecraft:player":1,"arphex:spider_moth":1,"minecraft:skeleton":1,"minecraft:spider":2,"arphex:spider_moth_larvae":1},"minecraft:custom":{"minecraft:interact_with_furnace":56,"minecraft:mob_kills":35,"minecraft:interact_with_crafting_table":15,"minecraft:damage_dealt_resisted":370,"minecraft:leave_game":4,"minecraft:time_since_death":6037,"minecraft:sleep_in_bed":1,"minecraft:climb_one_cm":3522,"minecraft:time_since_rest":6061,"minecraft:sprint_one_cm":108214,"minecraft:damage_taken":4590,"minecraft:walk_one_cm":89147,"minecraft:drop":20,"minecraft:damage_dealt":5751,"minecraft:swim_one_cm":2027,"minecraft:fly_one_cm":274367,"minecraft:player_kills":5,"minecraft:open_chest":2,"minecraft:crouch_one_cm":13145,"minecraft:play_time":71949,"minecraft:deaths":11,"minecraft:sneak_time":5892,"minecraft:walk_under_water_one_cm":595,"minecraft:jump":1293,"minecraft:walk_on_water_one_cm":2773,"minecraft:total_world_time":71949,"minecraft:fall_one_cm":62110}},"DataVersion":3465}