{"stats":{"minecraft:used":{"minecraft:cooked_mutton":3,"minecraft:stone_sword":37,"minecraft:stone_pickaxe":102,"minecraft:oak_planks":2,"minecraft:wooden_pickaxe":14,"minecraft:torch":4,"minecraft:dirt":14,"minecraft:crafting_table":7,"minecraft:white_bed":2,"minecraft:melon_slice":13,"minecraft:gravel":2,"minecraft:stone_axe":55,"minecraft:cobblestone":7,"minecraft:oak_sapling":1,"minecraft:furnace":5,"minecraft:cooked_beef":5},"minecraft:crafted":{"minecraft:cooked_beef":8,"minecraft:oak_planks":24,"minecraft:crafting_table":2,"minecraft:wooden_pickaxe":2,"minecraft:furnace":4,"minecraft:stone_axe":2,"minecraft:cooked_mutton":6,"minecraft:air":0,"minecraft:jungle_planks":8,"minecraft:stick":28,"minecraft:stone_pickaxe":2,"minecraft:stone_sword":1,"minecraft:white_bed":2,"minecraft:torch":8},"minecraft:picked_up":{"minecraft:crafting_table":6,"minecraft:cooked_beef":4,"minecraft:jungle_log":2,"minecraft:leather":4,"minecraft:wooden_pickaxe":1,"arphex:ectoplasm":2,"minecraft:flint":1,"minecraft:oak_log":6,"minecraft:string":26,"minecraft:dirt":14,"minecraft:bone":3,"minecraft:wheat_seeds":1,"minecraft:beef":13,"minecraft:melon_slice":26,"minecraft:oak_planks":1,"minecraft:furnace":1,"minecraft:raw_iron":4,"minecraft:stick":1,"minecraft:torch":2,"minecraft:gravel":2,"minecraft:jungle_planks":13,"minecraft:white_bed":2,"minecraft:spider_eye":2,"arphex:fly_appendage":1,"minecraft:arrow":2,"minecraft:oak_sapling":1,"minecraft:black_wool":1,"minecraft:mutton":17,"minecraft:coal":46,"minecraft:white_wool":9,"minecraft:cobblestone":77},"minecraft:mined":{"minecraft:white_bed":2,"minecraft:jungle_leaves":1,"minecraft:crafting_table":6,"minecraft:grass_block":4,"minecraft:melon":5,"minecraft:jungle_log":2,"minecraft:tall_grass":1,"minecraft:oak_planks":1,"minecraft:wall_torch":4,"minecraft:spawner":1,"minecraft:furnace":1,"minecraft:iron_ore":4,"minecraft:grass":24,"minecraft:coal_ore":20,"minecraft:oak_log":6,"minecraft:gravel":3,"minecraft:dirt":10,"minecraft:cobweb":23,"minecraft:stone":83,"minecraft:oak_leaves":12,"minecraft:fern":5},"minecraft:killed":{"minecraft:cave_spider":3,"arphex:silverfish_spectre":1,"minecraft:sheep":10,"minecraft:skeleton":3,"minecraft:zombie":3,"arphex:butterfly_bewitcher":1,"minecraft:cow":6},"minecraft:dropped":{"minecraft:wheat_seeds":1,"minecraft:cooked_mutton":3,"minecraft:white_bed":1,"minecraft:torch":4,"minecraft:wooden_pickaxe":2},"minecraft:killed_by":{"minecraft:player":1,"arphex:spider_moth":1,"minecraft:skeleton":1,"minecraft:spider":2,"arphex:spider_moth_larvae":1},"minecraft:custom":{"minecraft:interact_with_furnace":32,"minecraft:mob_kills":27,"minecraft:interact_with_crafting_table":14,"minecraft:damage_dealt_resisted":42,"minecraft:leave_game":4,"minecraft:time_since_death":488,"minecraft:sleep_in_bed":1,"minecraft:climb_one_cm":3278,"minecraft:time_since_rest":511,"minecraft:sprint_one_cm":87826,"minecraft:damage_taken":3363,"minecraft:walk_one_cm":57162,"minecraft:drop":11,"minecraft:damage_dealt":3612,"minecraft:swim_one_cm":2027,"minecraft:fly_one_cm":180468,"minecraft:player_kills":3,"minecraft:crouch_one_cm":9925,"minecraft:play_time":59949,"minecraft:deaths":9,"minecraft:sneak_time":4441,"minecraft:walk_under_water_one_cm":134,"minecraft:jump":983,"minecraft:walk_on_water_one_cm":1942,"minecraft:total_world_time":59949,"minecraft:fall_one_cm":48958}},"DataVersion":3465}