{"stats":{"minecraft:crafted":{"minecraft:oak_planks":24,"minecraft:crafting_table":2,"minecraft:stick":20,"minecraft:wooden_pickaxe":2,"minecraft:stone_pickaxe":2,"minecraft:furnace":1,"minecraft:air":0,"minecraft:cooked_mutton":2,"minecraft:stone_axe":2,"minecraft:jungle_planks":8},"minecraft:used":{"minecraft:cooked_mutton":2,"minecraft:melon_slice":13,"minecraft:stone_pickaxe":45,"minecraft:oak_planks":2,"minecraft:wooden_pickaxe":14,"minecraft:gravel":2,"minecraft:stone_axe":27,"minecraft:dirt":14,"minecraft:cobblestone":7,"minecraft:crafting_table":3,"minecraft:furnace":1,"minecraft:oak_sapling":1},"minecraft:picked_up":{"minecraft:crafting_table":2,"minecraft:stick":1,"minecraft:jungle_log":2,"minecraft:leather":2,"minecraft:wooden_pickaxe":1,"arphex:ectoplasm":2,"minecraft:gravel":2,"minecraft:flint":1,"minecraft:oak_log":6,"minecraft:dirt":14,"arphex:fly_appendage":1,"minecraft:bone":1,"minecraft:wheat_seeds":1,"minecraft:beef":4,"minecraft:coal":31,"minecraft:black_wool":1,"minecraft:oak_sapling":1,"minecraft:melon_slice":26,"minecraft:mutton":9,"minecraft:oak_planks":1,"minecraft:white_wool":4,"minecraft:cobblestone":40},"minecraft:mined":{"minecraft:jungle_leaves":1,"minecraft:crafting_table":2,"minecraft:grass":24,"minecraft:grass_block":4,"minecraft:oak_log":6,"minecraft:coal_ore":11,"minecraft:melon":5,"minecraft:jungle_log":2,"minecraft:gravel":3,"minecraft:dirt":10,"minecraft:stone":42,"minecraft:oak_planks":1,"minecraft:oak_leaves":12,"minecraft:fern":5},"minecraft:killed":{"minecraft:sheep":5,"minecraft:skeleton":1,"minecraft:zombie":3,"arphex:silverfish_spectre":1,"arphex:butterfly_bewitcher":1,"minecraft:cow":2},"minecraft:dropped":{"minecraft:wheat_seeds":1,"minecraft:wooden_pickaxe":2},"minecraft:killed_by":{"arphex:spider_moth":1,"minecraft:skeleton":1,"minecraft:spider":2,"arphex:spider_moth_larvae":1},"minecraft:custom":{"minecraft:time_since_rest":15108,"minecraft:interact_with_furnace":6,"minecraft:sprint_one_cm":51806,"minecraft:damage_taken":2460,"minecraft:walk_one_cm":31837,"minecraft:mob_kills":13,"minecraft:drop":3,"minecraft:damage_dealt":1713,"minecraft:player_kills":1,"minecraft:interact_with_crafting_table":8,"minecraft:fly_one_cm":132189,"minecraft:crouch_one_cm":6474,"minecraft:play_time":47949,"minecraft:deaths":8,"minecraft:sneak_time":3021,"minecraft:damage_dealt_resisted":42,"minecraft:jump":740,"minecraft:leave_game":4,"minecraft:time_since_death":15079,"minecraft:total_world_time":47949,"minecraft:climb_one_cm":3278,"minecraft:fall_one_cm":39939}},"DataVersion":3465}