{"stats":{"minecraft:used":{"minecraft:stone_sword":69,"minecraft:diamond_hoe":151,"minecraft:torch":8,"minecraft:dirt":14,"minecraft:jungle_planks":1,"minecraft:granite":1,"minecraft:furnace":6,"minecraft:oak_sapling":1,"minecraft:cooked_beef":13,"minecraft:cobbled_deepslate":12,"minecraft:cooked_mutton":6,"minecraft:water_bucket":3,"minecraft:stone_pickaxe":107,"minecraft:oak_planks":2,"minecraft:wooden_pickaxe":14,"minecraft:crafting_table":9,"minecraft:white_bed":2,"minecraft:melon_slice":13,"minecraft:iron_pickaxe":106,"minecraft:gravel":2,"minecraft:stone_axe":78,"minecraft:cobblestone":29,"minecraft:cooked_porkchop":2,"minecraft:bucket":4,"minecraft:gray_wool":17},"minecraft:crafted":{"minecraft:oak_planks":24,"minecraft:furnace":4,"minecraft:cooked_mutton":9,"minecraft:stone_pickaxe":2,"minecraft:cooked_beef":9,"minecraft:crafting_table":2,"minecraft:wooden_pickaxe":2,"minecraft:bucket":1,"minecraft:stone_axe":2,"minecraft:air":0,"minecraft:jungle_planks":8,"minecraft:stick":32,"minecraft:iron_ingot":2,"minecraft:iron_pickaxe":1,"minecraft:stone_sword":1,"minecraft:white_bed":2,"minecraft:torch":8},"minecraft:picked_up":{"minecraft:crafting_table":9,"minecraft:wooden_pickaxe":1,"minecraft:diamond_horse_armor":1,"minecraft:string":26,"minecraft:deepslate_tiles":2,"minecraft:cobbled_deepslate":27,"minecraft:echo_shard":2,"minecraft:beef":13,"minecraft:melon_slice":26,"minecraft:chest":2,"minecraft:furnace":7,"minecraft:stick":1,"minecraft:raw_iron":28,"minecraft:torch":4,"arphex:maggot_grub":1,"minecraft:stone_sword":1,"minecraft:arrow":4,"minecraft:deepslate_bricks":5,"minecraft:cracked_deepslate_bricks":2,"minecraft:saddle":1,"minecraft:mutton":17,"minecraft:white_wool":9,"minecraft:cobblestone":104,"minecraft:cooked_beef":5,"minecraft:glow_ink_sac":3,"minecraft:jungle_log":2,"minecraft:leather":4,"arphex:ectoplasm":2,"minecraft:flint":1,"minecraft:oak_log":6,"minecraft:lapis_lazuli":27,"minecraft:dirt":14,"minecraft:name_tag":1,"minecraft:bone":19,"minecraft:wheat_seeds":1,"minecraft:iron_ingot":2,"minecraft:oak_planks":1,"minecraft:cooked_porkchop":2,"minecraft:gravel":2,"minecraft:jungle_planks":13,"minecraft:white_bed":2,"minecraft:spider_eye":2,"arphex:fly_appendage":2,"minecraft:diamond":2,"minecraft:granite":2,"minecraft:golden_apple":1,"minecraft:gray_wool":17,"minecraft:coal":141,"minecraft:black_wool":1,"minecraft:oak_sapling":1,"arphex:mangled_spider_flesh":1},"minecraft:mined":{"minecraft:deepslate_tiles":2,"minecraft:white_bed":2,"minecraft:deepslate_diamond_ore":2,"minecraft:sculk_vein":1,"minecraft:jungle_leaves":1,"minecraft:granite":1,"minecraft:grass_block":4,"minecraft:jungle_log":2,"minecraft:deepslate_bricks":5,"minecraft:spawner":2,"minecraft:furnace":7,"minecraft:iron_ore":19,"minecraft:deepslate_lapis_ore":4,"minecraft:sculk_shrieker":1,"minecraft:deepslate_iron_ore":10,"minecraft:stone":103,"minecraft:glass_pane":2,"minecraft:crafting_table":9,"minecraft:melon":5,"minecraft:chest":2,"minecraft:tall_grass":1,"minecraft:cobblestone":8,"minecraft:oak_planks":1,"minecraft:cracked_deepslate_bricks":2,"minecraft:sculk":137,"minecraft:wall_torch":5,"minecraft:gray_wool":17,"minecraft:grass":24,"minecraft:oak_log":6,"minecraft:coal_ore":20,"minecraft:gravel":3,"minecraft:dirt":10,"minecraft:cobweb":23,"minecraft:oak_leaves":12,"minecraft:deepslate":28,"minecraft:fern":5},"minecraft:killed":{"minecraft:cave_spider":3,"arphex:long_legs_tiny":3,"arphex:silverfish_spectre":1,"minecraft:skeleton":6,"arphex:hornet_harbinger":2,"arphex:butterfly_bewitcher":2,"minecraft:sheep":10,"minecraft:zombie":3,"arphex:fly_festerer":1,"arphex:spider_goliath":1,"minecraft:cow":6},"minecraft:dropped":{"arphex:burning_glands":2,"minecraft:wheat_seeds":1,"arphex:maggot_grub":1,"minecraft:cooked_beef":1,"minecraft:glow_ink_sac":3,"minecraft:leather":4,"arphex:mangled_spider_flesh":1,"minecraft:granite":1,"minecraft:saddle":1,"minecraft:coal":4,"minecraft:flint":1,"minecraft:torch":4,"minecraft:white_wool":3,"minecraft:bone":3,"minecraft:stone_sword":1,"minecraft:cooked_mutton":3,"minecraft:white_bed":1,"arphex:roach_nymph":2,"minecraft:deepslate_bricks":5,"minecraft:deepslate_tiles":2,"minecraft:arrow":4,"minecraft:wooden_pickaxe":2,"minecraft:stone_pickaxe":1,"minecraft:cracked_deepslate_bricks":2,"minecraft:black_wool":1,"arphex:fly_appendage":2},"minecraft:killed_by":{"arphex:spider_goliath":2,"minecraft:player":1,"minecraft:spider":2,"minecraft:warden":2,"arphex:spider_moth":1,"minecraft:skeleton":1,"arphex:spider_moth_larvae":1},"minecraft:custom":{"minecraft:mob_kills":38,"minecraft:interact_with_crafting_table":16,"minecraft:damage_dealt_resisted":370,"minecraft:leave_game":4,"minecraft:time_since_death":3531,"minecraft:climb_one_cm":4323,"minecraft:sprint_one_cm":156835,"minecraft:walk_one_cm":103608,"minecraft:drop":35,"minecraft:play_time":95949,"minecraft:deaths":15,"minecraft:sneak_time":13887,"minecraft:walk_under_water_one_cm":6127,"minecraft:jump":1823,"minecraft:walk_on_water_one_cm":5276,"minecraft:total_world_time":95949,"minecraft:interact_with_furnace":56,"minecraft:sleep_in_bed":1,"minecraft:time_since_rest":3559,"minecraft:damage_taken":6217,"minecraft:damage_dealt":6185,"minecraft:player_kills":5,"minecraft:swim_one_cm":2027,"minecraft:fly_one_cm":375279,"minecraft:open_chest":6,"minecraft:crouch_one_cm":42506,"minecraft:fall_one_cm":88084}},"DataVersion":3465}