{"stats":{"minecraft:used":{"minecraft:stone_pickaxe":21,"minecraft:oak_planks":1,"minecraft:wooden_pickaxe":3,"minecraft:stone_axe":7,"minecraft:dirt":6,"minecraft:crafting_table":1,"minecraft:oak_sapling":1},"minecraft:crafted":{"minecraft:oak_planks":20,"minecraft:crafting_table":1,"minecraft:stick":12,"minecraft:wooden_pickaxe":1,"minecraft:stone_pickaxe":1,"minecraft:stone_axe":1},"minecraft:picked_up":{"minecraft:stick":1,"minecraft:crafting_table":1,"minecraft:oak_log":5,"minecraft:dirt":8,"minecraft:bone":1,"minecraft:wheat_seeds":1,"minecraft:oak_sapling":1,"minecraft:oak_planks":1,"minecraft:cobblestone":23},"minecraft:mined":{"minecraft:crafting_table":1,"minecraft:grass":10,"minecraft:oak_log":5,"minecraft:grass_block":2,"minecraft:coal_ore":1,"minecraft:dirt":6,"minecraft:stone":23,"minecraft:oak_planks":1,"minecraft:oak_leaves":6,"minecraft:fern":3},"minecraft:killed":{"minecraft:skeleton":1},"minecraft:dropped":{"minecraft:wheat_seeds":1},"minecraft:custom":{"minecraft:time_since_rest":12344,"minecraft:sprint_one_cm":10938,"minecraft:damage_taken":115,"minecraft:walk_one_cm":3820,"minecraft:mob_kills":1,"minecraft:drop":1,"minecraft:damage_dealt":190,"minecraft:interact_with_crafting_table":5,"minecraft:fly_one_cm":31964,"minecraft:crouch_one_cm":1007,"minecraft:play_time":12344,"minecraft:sneak_time":814,"minecraft:jump":148,"minecraft:leave_game":1,"minecraft:time_since_death":12344,"minecraft:total_world_time":12344,"minecraft:fall_one_cm":8493}},"DataVersion":3465}