{"stats":{"minecraft:used":{"minecraft:melon_slice":2,"minecraft:stone_pickaxe":21,"minecraft:oak_planks":2,"minecraft:wooden_pickaxe":14,"minecraft:gravel":2,"minecraft:stone_axe":15,"minecraft:dirt":14,"minecraft:cobblestone":4,"minecraft:crafting_table":2,"minecraft:oak_sapling":1},"minecraft:crafted":{"minecraft:oak_planks":24,"minecraft:crafting_table":2,"minecraft:stick":20,"minecraft:wooden_pickaxe":2,"minecraft:stone_pickaxe":2,"minecraft:stone_axe":2,"minecraft:jungle_planks":8},"minecraft:picked_up":{"minecraft:crafting_table":2,"minecraft:stick":1,"minecraft:jungle_log":2,"minecraft:leather":2,"minecraft:wooden_pickaxe":1,"minecraft:gravel":2,"minecraft:flint":1,"minecraft:oak_log":6,"minecraft:dirt":14,"minecraft:bone":1,"minecraft:wheat_seeds":1,"minecraft:beef":4,"minecraft:oak_sapling":1,"minecraft:melon_slice":15,"minecraft:mutton":6,"minecraft:white_wool":3,"minecraft:oak_planks":1,"minecraft:cobblestone":29},"minecraft:mined":{"minecraft:jungle_leaves":1,"minecraft:crafting_table":2,"minecraft:grass":21,"minecraft:grass_block":4,"minecraft:oak_log":6,"minecraft:coal_ore":1,"minecraft:melon":3,"minecraft:jungle_log":2,"minecraft:gravel":3,"minecraft:dirt":10,"minecraft:stone":29,"minecraft:oak_planks":1,"minecraft:oak_leaves":12,"minecraft:fern":5},"minecraft:killed":{"minecraft:sheep":3,"minecraft:skeleton":1,"minecraft:zombie":2,"minecraft:cow":2},"minecraft:dropped":{"minecraft:wheat_seeds":1,"minecraft:wooden_pickaxe":2},"minecraft:killed_by":{"arphex:spider_moth":1,"minecraft:skeleton":1,"minecraft:spider":2,"arphex:spider_moth_larvae":1},"minecraft:custom":{"minecraft:time_since_rest":6685,"minecraft:sprint_one_cm":38398,"minecraft:damage_taken":2335,"minecraft:walk_one_cm":19211,"minecraft:mob_kills":8,"minecraft:drop":3,"minecraft:damage_dealt":1082,"minecraft:interact_with_crafting_table":7,"minecraft:fly_one_cm":96085,"minecraft:crouch_one_cm":2314,"minecraft:play_time":39526,"minecraft:deaths":8,"minecraft:sneak_time":1616,"minecraft:jump":532,"minecraft:leave_game":4,"minecraft:time_since_death":6656,"minecraft:climb_one_cm":2998,"minecraft:total_world_time":39526,"minecraft:fall_one_cm":31647}},"DataVersion":3465}