{"stats":{"minecraft:used":{"minecraft:melon_slice":2,"minecraft:stone_pickaxe":21,"minecraft:oak_planks":1,"minecraft:wooden_pickaxe":3,"minecraft:stone_axe":9,"minecraft:dirt":8,"minecraft:cobblestone":4,"minecraft:crafting_table":1,"minecraft:oak_sapling":1},"minecraft:crafted":{"minecraft:oak_planks":20,"minecraft:crafting_table":1,"minecraft:stick":12,"minecraft:wooden_pickaxe":1,"minecraft:stone_pickaxe":1,"minecraft:stone_axe":1},"minecraft:picked_up":{"minecraft:stick":1,"minecraft:crafting_table":1,"minecraft:oak_log":5,"minecraft:dirt":8,"minecraft:bone":1,"minecraft:wheat_seeds":1,"minecraft:oak_sapling":1,"minecraft:melon_slice":15,"minecraft:oak_planks":1,"minecraft:cobblestone":23},"minecraft:mined":{"minecraft:crafting_table":1,"minecraft:grass":10,"minecraft:oak_log":5,"minecraft:grass_block":2,"minecraft:coal_ore":1,"minecraft:melon":3,"minecraft:dirt":6,"minecraft:stone":23,"minecraft:oak_planks":1,"minecraft:oak_leaves":12,"minecraft:fern":4},"minecraft:killed":{"minecraft:skeleton":1,"minecraft:zombie":1},"minecraft:dropped":{"minecraft:wheat_seeds":1},"minecraft:killed_by":{"arphex:spider_moth":1,"minecraft:spider":2,"arphex:spider_moth_larvae":1},"minecraft:custom":{"minecraft:time_since_rest":7059,"minecraft:sprint_one_cm":21150,"minecraft:damage_taken":1145,"minecraft:walk_one_cm":9466,"minecraft:mob_kills":2,"minecraft:drop":1,"minecraft:damage_dealt":416,"minecraft:interact_with_crafting_table":5,"minecraft:fly_one_cm":52911,"minecraft:crouch_one_cm":1764,"minecraft:play_time":22642,"minecraft:deaths":4,"minecraft:sneak_time":1166,"minecraft:jump":263,"minecraft:leave_game":2,"minecraft:time_since_death":7018,"minecraft:climb_one_cm":485,"minecraft:total_world_time":22642,"minecraft:fall_one_cm":15952}},"DataVersion":3465}