{"stats":{"minecraft:used":{"minecraft:melon_slice":2,"minecraft:stone_pickaxe":21,"minecraft:oak_planks":1,"minecraft:wooden_pickaxe":3,"minecraft:stone_axe":9,"minecraft:dirt":8,"minecraft:cobblestone":4,"minecraft:crafting_table":1,"minecraft:oak_sapling":1},"minecraft:crafted":{"minecraft:oak_planks":20,"minecraft:crafting_table":1,"minecraft:stick":12,"minecraft:wooden_pickaxe":1,"minecraft:stone_pickaxe":1,"minecraft:stone_axe":1},"minecraft:picked_up":{"minecraft:crafting_table":1,"minecraft:stick":1,"minecraft:oak_log":5,"minecraft:dirt":8,"minecraft:bone":1,"minecraft:wheat_seeds":1,"minecraft:oak_sapling":1,"minecraft:melon_slice":15,"minecraft:oak_planks":1,"minecraft:cobblestone":23},"minecraft:mined":{"minecraft:crafting_table":1,"minecraft:grass":10,"minecraft:grass_block":2,"minecraft:oak_log":5,"minecraft:coal_ore":1,"minecraft:melon":3,"minecraft:dirt":6,"minecraft:stone":23,"minecraft:oak_planks":1,"minecraft:oak_leaves":12,"minecraft:fern":4},"minecraft:killed":{"minecraft:skeleton":1,"minecraft:zombie":1},"minecraft:dropped":{"minecraft:wheat_seeds":1},"minecraft:killed_by":{"arphex:spider_moth":1,"minecraft:skeleton":1,"minecraft:spider":2,"arphex:spider_moth_larvae":1},"minecraft:custom":{"minecraft:time_since_rest":1088,"minecraft:sprint_one_cm":25260,"minecraft:damage_taken":1385,"minecraft:walk_one_cm":11543,"minecraft:mob_kills":2,"minecraft:drop":1,"minecraft:damage_dealt":416,"minecraft:interact_with_crafting_table":5,"minecraft:fly_one_cm":64997,"minecraft:crouch_one_cm":1803,"minecraft:play_time":28056,"minecraft:deaths":5,"minecraft:sneak_time":1204,"minecraft:jump":315,"minecraft:leave_game":3,"minecraft:time_since_death":1065,"minecraft:climb_one_cm":697,"minecraft:total_world_time":28056,"minecraft:fall_one_cm":21773}},"DataVersion":3465}