{"stats":{"minecraft:crafted":{"minecraft:jungle_planks":16},"minecraft:picked_up":{"minecraft:jungle_log":5},"minecraft:mined":{"minecraft:jungle_log":4},"minecraft:custom":{"minecraft:jump":46,"minecraft:time_since_rest":8810,"minecraft:leave_game":1,"minecraft:damage_dealt":39,"minecraft:crouch_one_cm":1035,"minecraft:deaths":1,"minecraft:sprint_one_cm":4004,"minecraft:play_time":14122,"minecraft:damage_taken":620,"minecraft:time_since_death":8743,"minecraft:walk_one_cm":10058,"minecraft:sneak_time":834,"minecraft:climb_one_cm":4467,"minecraft:total_world_time":14122,"minecraft:fall_one_cm":4176,"minecraft:fly_one_cm":1396}},"DataVersion":3465}