{"stats":{"minecraft:used":{"minecraft:cooked_mutton":8,"minecraft:stone_sword":76,"minecraft:stone_pickaxe":105,"minecraft:wooden_pickaxe":3,"minecraft:iron_sword":17,"minecraft:torch":15,"minecraft:dirt":15,"minecraft:crafting_table":2,"minecraft:cracked_deepslate_tiles":1,"minecraft:deepslate_tiles":2,"minecraft:iron_axe":4,"minecraft:iron_pickaxe":58,"arphex:bloodworm_grub":1,"minecraft:stone_axe":9,"minecraft:cobblestone":28,"minecraft:furnace":2,"minecraft:cooked_porkchop":6,"minecraft:cooked_beef":2,"minecraft:cobbled_deepslate":13,"minecraft:gray_wool":2,"minecraft:pointed_dripstone":1},"minecraft:crafted":{"minecraft:cooked_beef":8,"minecraft:oak_planks":16,"minecraft:cooked_porkchop":7,"minecraft:crafting_table":1,"minecraft:iron_helmet":1,"minecraft:wooden_pickaxe":1,"minecraft:iron_sword":1,"minecraft:furnace":2,"minecraft:stone_axe":1,"minecraft:cooked_mutton":5,"minecraft:air":0,"minecraft:jungle_planks":16,"minecraft:iron_boots":1,"minecraft:iron_axe":1,"minecraft:stick":24,"minecraft:iron_pickaxe":1,"minecraft:iron_ingot":17,"minecraft:stone_pickaxe":1,"minecraft:stone_sword":1},"minecraft:picked_up":{"minecraft:cracked_deepslate_tiles":1,"minecraft:crafting_table":2,"minecraft:jungle_log":5,"minecraft:leather":4,"minecraft:lead":1,"minecraft:enchanted_book":3,"minecraft:oak_log":4,"minecraft:moss_carpet":2,"minecraft:lapis_lazuli":124,"minecraft:dirt":15,"minecraft:string":2,"minecraft:cooked_mutton":3,"minecraft:experience_bottle":1,"minecraft:bone":20,"minecraft:deepslate_tiles":2,"minecraft:wheat_seeds":1,"minecraft:candle":1,"minecraft:cobbled_deepslate":17,"minecraft:raw_gold":4,"minecraft:beef":8,"minecraft:deepslate_tile_wall":1,"minecraft:chest":2,"minecraft:iron_sword":2,"minecraft:furnace":1,"minecraft:raw_iron":25,"minecraft:torch":18,"minecraft:porkchop":8,"minecraft:amethyst_shard":5,"minecraft:pointed_dripstone":4,"minecraft:white_bed":1,"minecraft:redstone":14,"minecraft:stone_sword":1,"minecraft:arrow":2,"arphex:bloodworm_grub":2,"minecraft:diamond":2,"minecraft:stone_axe":1,"minecraft:deepslate_bricks":1,"minecraft:saddle":1,"minecraft:gray_wool":2,"minecraft:ward_armor_trim_smithing_template":1,"arphex:mangled_spider_flesh":1,"minecraft:glow_berries":2,"minecraft:coal":43,"minecraft:cobblestone":53},"minecraft:mined":{"minecraft:deepslate_tiles":2,"minecraft:deepslate_redstone_ore":3,"minecraft:deepslate_diamond_ore":2,"minecraft:sculk_vein":1,"minecraft:soul_fire":1,"minecraft:crafting_table":2,"minecraft:torch":5,"minecraft:cave_vines_plant":2,"minecraft:deepslate_tile_wall":1,"minecraft:chest":2,"minecraft:jungle_log":4,"minecraft:deepslate_bricks":1,"minecraft:tall_grass":3,"minecraft:cobblestone":5,"minecraft:deepslate_gold_ore":3,"minecraft:lapis_ore":5,"minecraft:wall_torch":7,"minecraft:spawner":1,"minecraft:gray_wool":2,"minecraft:furnace":1,"minecraft:iron_ore":9,"minecraft:deepslate_lapis_ore":17,"minecraft:cracked_deepslate_tiles":1,"minecraft:grass":12,"minecraft:pointed_dripstone":2,"minecraft:coal_ore":31,"minecraft:oak_log":4,"minecraft:deepslate_iron_ore":15,"minecraft:cobweb":1,"minecraft:stone":45,"minecraft:gold_ore":1,"minecraft:deepslate":17},"minecraft:killed":{"minecraft:cave_spider":1,"minecraft:pig":4,"minecraft:skeleton":2,"minecraft:zombie":2,"arphex:hornet_harbinger":1,"arphex:blood_worm":1,"minecraft:cow":4},"minecraft:dropped":{"minecraft:enchanted_book":2,"minecraft:iron_sword":2,"minecraft:moss_carpet":2,"minecraft:stone_axe":2,"minecraft:wheat_seeds":1,"minecraft:stone_sword":2,"minecraft:cobbled_deepslate":4,"minecraft:cooked_porkchop":1,"minecraft:glow_berries":2,"minecraft:cobblestone":1,"minecraft:leather":4,"minecraft:jungle_planks":13,"minecraft:coal":28,"arphex:bloodworm_grub":1,"minecraft:mutton":3,"minecraft:iron_leggings":1,"minecraft:arrow":2,"minecraft:stone_pickaxe":1,"minecraft:wooden_pickaxe":1,"minecraft:string":2,"minecraft:redstone":14,"minecraft:bone":1},"minecraft:killed_by":{"minecraft:warden":2,"minecraft:player":5,"minecraft:cave_spider":1,"minecraft:skeleton":1},"minecraft:custom":{"minecraft:interact_with_furnace":44,"minecraft:mob_kills":15,"minecraft:interact_with_crafting_table":10,"minecraft:damage_dealt_resisted":186,"minecraft:leave_game":2,"minecraft:time_since_death":1360,"minecraft:sleep_in_bed":1,"minecraft:climb_one_cm":8148,"minecraft:time_since_rest":1661,"minecraft:sprint_one_cm":176096,"minecraft:damage_taken":4509,"minecraft:walk_one_cm":169327,"minecraft:drop":28,"minecraft:damage_dealt":4001,"minecraft:swim_one_cm":7094,"minecraft:fly_one_cm":123845,"minecraft:player_kills":1,"minecraft:open_chest":3,"minecraft:crouch_one_cm":73037,"minecraft:play_time":75726,"minecraft:deaths":11,"minecraft:sneak_time":13930,"minecraft:walk_under_water_one_cm":10357,"minecraft:jump":955,"minecraft:walk_on_water_one_cm":6676,"minecraft:total_world_time":75726,"minecraft:fall_one_cm":38340}},"DataVersion":3465}