{"stats":{"minecraft:used":{"minecraft:stone_sword":9,"minecraft:stone_pickaxe":38,"minecraft:wooden_pickaxe":3,"minecraft:stone_axe":1,"minecraft:crafting_table":1},"minecraft:crafted":{"minecraft:oak_planks":16,"minecraft:crafting_table":1,"minecraft:stick":24,"minecraft:wooden_pickaxe":1,"minecraft:stone_pickaxe":1,"minecraft:stone_sword":1,"minecraft:stone_axe":1,"minecraft:air":0,"minecraft:cooked_mutton":2,"minecraft:jungle_planks":16},"minecraft:picked_up":{"minecraft:crafting_table":1,"minecraft:jungle_log":5,"minecraft:oak_log":4,"minecraft:coal":28,"minecraft:cobblestone":23},"minecraft:mined":{"minecraft:crafting_table":1,"minecraft:grass":5,"minecraft:oak_log":4,"minecraft:coal_ore":21,"minecraft:jungle_log":4,"minecraft:stone":20},"minecraft:killed":{"minecraft:zombie":1},"minecraft:dropped":{"minecraft:cobblestone":1,"minecraft:coal":28},"minecraft:killed_by":{"minecraft:player":1},"minecraft:custom":{"minecraft:time_since_rest":7399,"minecraft:interact_with_furnace":1,"minecraft:sprint_one_cm":23594,"minecraft:damage_taken":901,"minecraft:walk_one_cm":37058,"minecraft:mob_kills":1,"minecraft:drop":3,"minecraft:damage_dealt":308,"minecraft:interact_with_crafting_table":3,"minecraft:fly_one_cm":16533,"minecraft:crouch_one_cm":2245,"minecraft:play_time":22716,"minecraft:deaths":2,"minecraft:sneak_time":1718,"minecraft:jump":155,"minecraft:leave_game":1,"minecraft:time_since_death":7362,"minecraft:total_world_time":22716,"minecraft:climb_one_cm":4555,"minecraft:fall_one_cm":7885}},"DataVersion":3465}