{"stats":{"minecraft:used":{"minecraft:cooked_mutton":8,"minecraft:stone_sword":76,"minecraft:stone_pickaxe":105,"minecraft:wooden_pickaxe":3,"minecraft:iron_sword":21,"minecraft:torch":20,"minecraft:dirt":15,"minecraft:crafting_table":2,"minecraft:cracked_deepslate_tiles":1,"minecraft:deepslate_tiles":2,"minecraft:iron_axe":7,"minecraft:iron_pickaxe":58,"arphex:bloodworm_grub":1,"minecraft:stone_axe":9,"minecraft:cobblestone":28,"minecraft:furnace":2,"minecraft:cooked_porkchop":6,"minecraft:experience_bottle":1,"minecraft:gray_wool":2,"minecraft:cooked_beef":5,"minecraft:cobbled_deepslate":13,"minecraft:pointed_dripstone":1},"minecraft:crafted":{"minecraft:cooked_beef":8,"minecraft:oak_planks":16,"minecraft:cooked_porkchop":7,"minecraft:crafting_table":1,"minecraft:iron_helmet":1,"minecraft:wooden_pickaxe":1,"minecraft:iron_sword":1,"minecraft:furnace":2,"minecraft:stone_axe":1,"minecraft:cooked_mutton":5,"minecraft:air":0,"minecraft:jungle_planks":16,"minecraft:iron_boots":1,"minecraft:iron_axe":1,"minecraft:stick":24,"minecraft:iron_ingot":17,"minecraft:iron_pickaxe":1,"minecraft:stone_pickaxe":1,"minecraft:stone_sword":1},"minecraft:picked_up":{"minecraft:cracked_deepslate_tiles":1,"minecraft:crafting_table":2,"minecraft:jungle_log":5,"minecraft:leather":4,"minecraft:lead":1,"minecraft:enchanted_book":3,"minecraft:oak_log":4,"minecraft:music_disc_cat":1,"minecraft:lapis_lazuli":124,"minecraft:dirt":15,"minecraft:string":2,"minecraft:moss_carpet":2,"minecraft:disc_fragment_5":1,"minecraft:cooked_mutton":3,"minecraft:compass":1,"minecraft:bone":23,"minecraft:experience_bottle":1,"minecraft:wheat_seeds":1,"minecraft:deepslate_tiles":2,"minecraft:candle":1,"minecraft:cobbled_deepslate":17,"minecraft:raw_gold":4,"minecraft:beef":8,"minecraft:deepslate_tile_wall":1,"minecraft:chest":4,"minecraft:iron_sword":2,"minecraft:furnace":1,"minecraft:raw_iron":25,"minecraft:music_disc_13":1,"minecraft:sculk":10,"minecraft:torch":20,"minecraft:porkchop":8,"minecraft:amethyst_shard":5,"minecraft:pointed_dripstone":4,"minecraft:white_bed":1,"minecraft:redstone":14,"minecraft:stone_sword":1,"minecraft:arrow":2,"arphex:bloodworm_grub":2,"minecraft:diamond":2,"minecraft:stone_axe":1,"minecraft:deepslate_bricks":1,"minecraft:gray_wool":2,"minecraft:saddle":1,"minecraft:ward_armor_trim_smithing_template":1,"arphex:mangled_spider_flesh":1,"minecraft:glow_berries":2,"minecraft:coal":78,"minecraft:cobblestone":53},"minecraft:mined":{"minecraft:deepslate_tiles":2,"minecraft:deepslate_redstone_ore":3,"minecraft:deepslate_diamond_ore":2,"minecraft:sculk_vein":1,"minecraft:soul_fire":1,"minecraft:cave_vines_plant":2,"minecraft:crafting_table":2,"minecraft:torch":5,"minecraft:deepslate_tile_wall":1,"minecraft:chest":4,"minecraft:jungle_log":4,"minecraft:deepslate_bricks":1,"minecraft:tall_grass":4,"minecraft:cobblestone":5,"minecraft:deepslate_gold_ore":3,"minecraft:lapis_ore":5,"minecraft:wall_torch":9,"minecraft:spawner":1,"minecraft:gray_wool":2,"minecraft:furnace":1,"minecraft:iron_ore":9,"minecraft:deepslate_lapis_ore":17,"minecraft:grass":12,"minecraft:cracked_deepslate_tiles":1,"minecraft:coal_ore":31,"minecraft:pointed_dripstone":2,"minecraft:oak_log":4,"minecraft:deepslate_iron_ore":15,"minecraft:cobweb":1,"minecraft:stone":45,"minecraft:gold_ore":1,"minecraft:deepslate":17},"minecraft:killed":{"minecraft:cave_spider":1,"minecraft:pig":4,"minecraft:skeleton":2,"minecraft:zombie":2,"arphex:hornet_harbinger":1,"arphex:blood_worm":1,"minecraft:drowned":1,"minecraft:cow":4},"minecraft:dropped":{"minecraft:enchanted_book":2,"minecraft:iron_sword":2,"minecraft:moss_carpet":2,"minecraft:stone_axe":2,"minecraft:candle":1,"minecraft:wheat_seeds":1,"minecraft:lapis_lazuli":64,"minecraft:soul_torch":6,"minecraft:stone_sword":2,"minecraft:cobbled_deepslate":4,"minecraft:raw_iron":8,"minecraft:cooked_porkchop":1,"minecraft:pointed_dripstone":3,"minecraft:cobblestone":1,"minecraft:glow_berries":2,"minecraft:leather":4,"minecraft:jungle_planks":13,"minecraft:coal":28,"minecraft:sculk":10,"arphex:bloodworm_grub":1,"minecraft:mutton":3,"minecraft:chest":3,"minecraft:amethyst_shard":8,"minecraft:iron_leggings":2,"minecraft:arrow":2,"minecraft:stone_pickaxe":1,"minecraft:wooden_pickaxe":1,"minecraft:raw_gold":4,"minecraft:string":2,"minecraft:bone":20,"minecraft:redstone":14},"minecraft:killed_by":{"minecraft:warden":3,"minecraft:player":5,"minecraft:cave_spider":1,"minecraft:skeleton":1},"minecraft:custom":{"minecraft:interact_with_furnace":44,"minecraft:mob_kills":16,"minecraft:interact_with_crafting_table":10,"minecraft:damage_dealt_resisted":186,"minecraft:leave_game":2,"minecraft:time_since_death":552,"minecraft:sleep_in_bed":1,"minecraft:climb_one_cm":8277,"minecraft:time_since_rest":580,"minecraft:sprint_one_cm":180012,"minecraft:damage_taken":5228,"minecraft:walk_one_cm":229196,"minecraft:drop":39,"minecraft:damage_dealt":4297,"minecraft:swim_one_cm":15783,"minecraft:player_kills":1,"minecraft:fly_one_cm":169311,"minecraft:open_chest":3,"minecraft:play_time":81454,"minecraft:crouch_one_cm":153645,"minecraft:deaths":13,"minecraft:sneak_time":16490,"minecraft:walk_under_water_one_cm":16784,"minecraft:jump":1056,"minecraft:walk_on_water_one_cm":8789,"minecraft:total_world_time":81454,"minecraft:fall_one_cm":45444}},"DataVersion":3465}