{"stats":{"minecraft:crafted":{"minecraft:oak_planks":16,"minecraft:cooked_porkchop":7,"minecraft:crafting_table":1,"minecraft:wooden_pickaxe":1,"minecraft:iron_sword":1,"minecraft:furnace":2,"minecraft:stone_axe":1,"minecraft:cooked_mutton":5,"minecraft:air":0,"minecraft:jungle_planks":16,"minecraft:iron_axe":1,"minecraft:stick":24,"minecraft:iron_pickaxe":1,"minecraft:iron_ingot":17,"minecraft:stone_pickaxe":1,"minecraft:stone_sword":1},"minecraft:used":{"minecraft:cooked_mutton":8,"minecraft:stone_sword":76,"minecraft:stone_pickaxe":105,"minecraft:wooden_pickaxe":3,"minecraft:torch":7,"minecraft:dirt":15,"minecraft:crafting_table":2,"arphex:bloodworm_grub":1,"minecraft:stone_axe":9,"minecraft:furnace":2,"minecraft:cooked_porkchop":1},"minecraft:picked_up":{"minecraft:crafting_table":1,"minecraft:jungle_log":5,"minecraft:leather":4,"minecraft:oak_log":4,"minecraft:lapis_lazuli":43,"minecraft:dirt":15,"minecraft:string":1,"minecraft:cooked_mutton":3,"minecraft:bone":1,"minecraft:cobbled_deepslate":4,"minecraft:beef":8,"minecraft:raw_iron":17,"minecraft:torch":11,"minecraft:porkchop":8,"minecraft:white_bed":1,"minecraft:stone_sword":1,"minecraft:arrow":2,"arphex:bloodworm_grub":2,"minecraft:stone_axe":1,"arphex:mangled_spider_flesh":1,"minecraft:glow_berries":2,"minecraft:coal":42,"minecraft:cobblestone":48},"minecraft:mined":{"minecraft:crafting_table":1,"minecraft:torch":2,"minecraft:cave_vines_plant":2,"minecraft:jungle_log":4,"minecraft:tall_grass":3,"minecraft:lapis_ore":5,"minecraft:wall_torch":3,"minecraft:spawner":1,"minecraft:iron_ore":9,"minecraft:deepslate_lapis_ore":4,"minecraft:grass":12,"minecraft:coal_ore":31,"minecraft:oak_log":4,"minecraft:deepslate_iron_ore":8,"minecraft:cobweb":1,"minecraft:stone":45,"minecraft:deepslate":4},"minecraft:killed":{"minecraft:pig":4,"minecraft:skeleton":1,"minecraft:zombie":2,"arphex:blood_worm":1,"minecraft:cow":4},"minecraft:dropped":{"minecraft:stone_axe":1,"minecraft:stone_sword":2,"minecraft:cobbled_deepslate":4,"minecraft:glow_berries":2,"minecraft:cobblestone":1,"minecraft:jungle_planks":13,"minecraft:coal":28,"arphex:bloodworm_grub":1,"minecraft:arrow":2,"minecraft:stone_pickaxe":1,"minecraft:wooden_pickaxe":1,"minecraft:string":1},"minecraft:killed_by":{"minecraft:player":5,"minecraft:skeleton":1},"minecraft:custom":{"minecraft:interact_with_furnace":36,"minecraft:mob_kills":12,"minecraft:interact_with_crafting_table":8,"minecraft:damage_dealt_resisted":186,"minecraft:leave_game":1,"minecraft:time_since_death":6536,"minecraft:sleep_in_bed":1,"minecraft:climb_one_cm":5661,"minecraft:time_since_rest":6564,"minecraft:sprint_one_cm":95552,"minecraft:damage_taken":2774,"minecraft:walk_one_cm":112597,"minecraft:drop":14,"minecraft:damage_dealt":3322,"minecraft:swim_one_cm":7016,"minecraft:fly_one_cm":66708,"minecraft:player_kills":1,"minecraft:crouch_one_cm":4649,"minecraft:play_time":46716,"minecraft:deaths":7,"minecraft:sneak_time":3135,"minecraft:walk_under_water_one_cm":1832,"minecraft:jump":521,"minecraft:walk_on_water_one_cm":2366,"minecraft:total_world_time":46716,"minecraft:fall_one_cm":18541}},"DataVersion":3465}