{"stats":{"minecraft:crafted":{"minecraft:oak_planks":16,"minecraft:cooked_porkchop":7,"minecraft:crafting_table":1,"minecraft:stick":24,"minecraft:wooden_pickaxe":1,"minecraft:stone_pickaxe":1,"minecraft:stone_sword":1,"minecraft:stone_axe":1,"minecraft:air":0,"minecraft:cooked_mutton":3,"minecraft:jungle_planks":16},"minecraft:used":{"minecraft:cooked_mutton":6,"minecraft:stone_sword":44,"minecraft:stone_pickaxe":73,"minecraft:wooden_pickaxe":3,"minecraft:torch":2,"minecraft:stone_axe":8,"minecraft:dirt":5,"minecraft:crafting_table":1},"minecraft:picked_up":{"minecraft:crafting_table":1,"minecraft:jungle_log":5,"minecraft:leather":4,"minecraft:torch":8,"minecraft:porkchop":8,"minecraft:oak_log":4,"minecraft:white_bed":1,"minecraft:string":1,"minecraft:lapis_lazuli":19,"minecraft:dirt":15,"minecraft:cooked_mutton":3,"minecraft:bone":1,"minecraft:arrow":2,"minecraft:beef":8,"minecraft:coal":33,"minecraft:cobblestone":47},"minecraft:mined":{"minecraft:torch":2,"minecraft:crafting_table":1,"minecraft:grass":12,"minecraft:oak_log":4,"minecraft:coal_ore":26,"minecraft:jungle_log":4,"minecraft:cobweb":1,"minecraft:tall_grass":1,"minecraft:lapis_ore":5,"minecraft:stone":44,"minecraft:spawner":1},"minecraft:killed":{"minecraft:skeleton":1,"minecraft:zombie":1,"minecraft:pig":4,"minecraft:cow":4},"minecraft:dropped":{"minecraft:cobblestone":1,"minecraft:jungle_planks":13,"minecraft:wooden_pickaxe":1,"minecraft:coal":28},"minecraft:killed_by":{"minecraft:player":3},"minecraft:custom":{"minecraft:time_since_rest":333,"minecraft:interact_with_furnace":15,"minecraft:sprint_one_cm":65679,"minecraft:damage_taken":1614,"minecraft:walk_one_cm":74328,"minecraft:mob_kills":10,"minecraft:drop":5,"minecraft:damage_dealt":2136,"minecraft:player_kills":1,"minecraft:swim_one_cm":7016,"minecraft:interact_with_crafting_table":3,"minecraft:fly_one_cm":41473,"minecraft:crouch_one_cm":2839,"minecraft:play_time":34716,"minecraft:deaths":4,"minecraft:sneak_time":2388,"minecraft:walk_under_water_one_cm":1832,"minecraft:jump":340,"minecraft:leave_game":1,"minecraft:walk_on_water_one_cm":2279,"minecraft:time_since_death":309,"minecraft:sleep_in_bed":1,"minecraft:total_world_time":34716,"minecraft:climb_one_cm":4555,"minecraft:fall_one_cm":11097}},"DataVersion":3465}