{"stats":{"minecraft:used":{"minecraft:cooked_mutton":8,"minecraft:stone_sword":76,"minecraft:stone_pickaxe":105,"minecraft:wooden_pickaxe":3,"minecraft:iron_sword":17,"minecraft:torch":13,"minecraft:dirt":15,"minecraft:crafting_table":2,"minecraft:iron_axe":1,"minecraft:iron_pickaxe":34,"arphex:bloodworm_grub":1,"minecraft:stone_axe":9,"minecraft:cobblestone":18,"minecraft:furnace":2,"minecraft:cooked_porkchop":6,"minecraft:pointed_dripstone":1},"minecraft:crafted":{"minecraft:cooked_beef":8,"minecraft:oak_planks":16,"minecraft:cooked_porkchop":7,"minecraft:crafting_table":1,"minecraft:iron_helmet":1,"minecraft:wooden_pickaxe":1,"minecraft:iron_sword":1,"minecraft:furnace":2,"minecraft:stone_axe":1,"minecraft:cooked_mutton":5,"minecraft:air":0,"minecraft:jungle_planks":16,"minecraft:iron_boots":1,"minecraft:iron_axe":1,"minecraft:stick":24,"minecraft:iron_pickaxe":1,"minecraft:iron_ingot":17,"minecraft:stone_pickaxe":1,"minecraft:stone_sword":1},"minecraft:picked_up":{"minecraft:crafting_table":2,"minecraft:jungle_log":5,"minecraft:leather":4,"minecraft:oak_log":4,"minecraft:moss_carpet":2,"minecraft:lapis_lazuli":124,"minecraft:dirt":15,"minecraft:string":2,"minecraft:cooked_mutton":3,"minecraft:bone":3,"minecraft:wheat_seeds":1,"minecraft:cobbled_deepslate":4,"minecraft:raw_gold":4,"minecraft:beef":8,"minecraft:iron_sword":1,"minecraft:furnace":1,"minecraft:raw_iron":22,"minecraft:torch":16,"minecraft:porkchop":8,"minecraft:pointed_dripstone":4,"minecraft:white_bed":1,"minecraft:redstone":14,"minecraft:stone_sword":1,"minecraft:arrow":2,"arphex:bloodworm_grub":2,"minecraft:stone_axe":1,"arphex:mangled_spider_flesh":1,"minecraft:glow_berries":2,"minecraft:coal":43,"minecraft:cobblestone":53},"minecraft:mined":{"minecraft:deepslate_redstone_ore":3,"minecraft:crafting_table":2,"minecraft:torch":3,"minecraft:cave_vines_plant":2,"minecraft:jungle_log":4,"minecraft:tall_grass":3,"minecraft:cobblestone":5,"minecraft:deepslate_gold_ore":3,"minecraft:lapis_ore":5,"minecraft:wall_torch":7,"minecraft:spawner":1,"minecraft:furnace":1,"minecraft:iron_ore":9,"minecraft:deepslate_lapis_ore":17,"minecraft:grass":12,"minecraft:pointed_dripstone":2,"minecraft:coal_ore":31,"minecraft:oak_log":4,"minecraft:deepslate_iron_ore":12,"minecraft:cobweb":1,"minecraft:stone":45,"minecraft:gold_ore":1,"minecraft:deepslate":4},"minecraft:killed":{"minecraft:cave_spider":1,"minecraft:pig":4,"minecraft:skeleton":2,"minecraft:zombie":2,"arphex:hornet_harbinger":1,"arphex:blood_worm":1,"minecraft:cow":4},"minecraft:dropped":{"minecraft:iron_sword":1,"minecraft:moss_carpet":2,"minecraft:stone_axe":1,"minecraft:wheat_seeds":1,"minecraft:stone_sword":2,"minecraft:cobbled_deepslate":4,"minecraft:cooked_porkchop":1,"minecraft:glow_berries":2,"minecraft:cobblestone":1,"minecraft:leather":4,"minecraft:jungle_planks":13,"minecraft:coal":28,"arphex:bloodworm_grub":1,"minecraft:mutton":3,"minecraft:arrow":2,"minecraft:stone_pickaxe":1,"minecraft:wooden_pickaxe":1,"minecraft:string":2,"minecraft:redstone":14,"minecraft:bone":1},"minecraft:killed_by":{"minecraft:player":5,"minecraft:cave_spider":1,"minecraft:skeleton":1},"minecraft:custom":{"minecraft:interact_with_furnace":44,"minecraft:mob_kills":15,"minecraft:interact_with_crafting_table":10,"minecraft:damage_dealt_resisted":186,"minecraft:leave_game":1,"minecraft:time_since_death":6024,"minecraft:sleep_in_bed":1,"minecraft:climb_one_cm":5661,"minecraft:time_since_rest":6051,"minecraft:sprint_one_cm":117254,"minecraft:damage_taken":3401,"minecraft:walk_one_cm":146652,"minecraft:drop":23,"minecraft:damage_dealt":3992,"minecraft:swim_one_cm":7094,"minecraft:fly_one_cm":81028,"minecraft:player_kills":1,"minecraft:crouch_one_cm":16290,"minecraft:play_time":58716,"minecraft:deaths":8,"minecraft:sneak_time":5818,"minecraft:walk_under_water_one_cm":10318,"minecraft:jump":709,"minecraft:walk_on_water_one_cm":4455,"minecraft:total_world_time":58716,"minecraft:fall_one_cm":26416}},"DataVersion":3465}